#
# DUMP FILE
#
# Database is ported from MS Access
#------------------------------------------------------------------
# Created using "MS Access to MySQL" form http://www.bullzip.com
# Program Version 5.5.282
#
# OPTIONS:
#   sourcefilename=C:/Users/RYZEN/Desktop/CLINICA.ACCDB
#   sourceusername=
#   sourcepassword=
#   sourcesystemdatabase=
#   destinationdatabase=CLINICA
#   storageengine=InnoDB
#   dropdatabase=0
#   createtables=1
#   unicode=1
#   autocommit=1
#   transferdefaultvalues=1
#   transferindexes=1
#   transferautonumbers=1
#   transferrecords=1
#   columnlist=1
#   tableprefix=
#   negativeboolean=0
#   ignorelargeblobs=0
#   memotype=LONGTEXT
#   datetimetype=DATETIME
#

CREATE DATABASE IF NOT EXISTS `CLINICA`;
USE `CLINICA`;

#
# Table structure for table 'TINGRESO'
#

DROP TABLE IF EXISTS `TINGRESO`;

CREATE TABLE `TINGRESO` (
  `NINGRESO` INTEGER NOT NULL, 
  `HABITACION` DOUBLE NULL, 
  `CAMA` VARCHAR(255), 
  `FECHAINGRESO` DATETIME, 
  `CODIGOPACIENTE` DOUBLE NULL, 
  `CODIGOMEDICO` VARCHAR(255), 
  PRIMARY KEY (`NINGRESO`),
  				 FOREIGN KEY (CODIGOPACIENTE) REFERENCES TPACIENTE (CODIGOPACIENTE),
                 FOREIGN KEY (CODIGOMEDICO) REFERENCES TMEDICO (CODIGOMEDICO)
) ENGINE=innodb DEFAULT CHARSET=utf8;

SET autocommit=1;

#
# Dumping data for table 'TINGRESO'
#

INSERT INTO `TINGRESO` (`NINGRESO`, `HABITACION`, `CAMA`, `FECHAINGRESO`, `CODIGOPACIENTE`, `CODIGOMEDICO`) VALUES (1, 101, 'A', '1998-04-23 00:00:00', 302, 'SVT');
INSERT INTO `TINGRESO` (`NINGRESO`, `HABITACION`, `CAMA`, `FECHAINGRESO`, `CODIGOPACIENTE`, `CODIGOMEDICO`) VALUES (2, 105, 'A', '1998-05-24 00:00:00', 103, 'CSM');
INSERT INTO `TINGRESO` (`NINGRESO`, `HABITACION`, `CAMA`, `FECHAINGRESO`, `CODIGOPACIENTE`, `CODIGOMEDICO`) VALUES (3, 125, 'B', '1998-06-15 00:00:00', 300, 'PAP');
INSERT INTO `TINGRESO` (`NINGRESO`, `HABITACION`, `CAMA`, `FECHAINGRESO`, `CODIGOPACIENTE`, `CODIGOMEDICO`) VALUES (4, 204, 'B', '1998-09-12 00:00:00', 120, 'SGM');
INSERT INTO `TINGRESO` (`NINGRESO`, `HABITACION`, `CAMA`, `FECHAINGRESO`, `CODIGOPACIENTE`, `CODIGOMEDICO`) VALUES (5, 205, 'B', '1998-10-12 00:00:00', 100, 'JMP');
INSERT INTO `TINGRESO` (`NINGRESO`, `HABITACION`, `CAMA`, `FECHAINGRESO`, `CODIGOPACIENTE`, `CODIGOMEDICO`) VALUES (6, 204, 'A', '1999-01-04 00:00:00', 102, 'CEM');
INSERT INTO `TINGRESO` (`NINGRESO`, `HABITACION`, `CAMA`, `FECHAINGRESO`, `CODIGOPACIENTE`, `CODIGOMEDICO`) VALUES (7, 201, 'A', '1999-02-01 00:00:00', 240, 'FHL');
INSERT INTO `TINGRESO` (`NINGRESO`, `HABITACION`, `CAMA`, `FECHAINGRESO`, `CODIGOPACIENTE`, `CODIGOMEDICO`) VALUES (8, 201, 'A', '2000-04-02 00:00:00', 110, 'OPA');
INSERT INTO `TINGRESO` (`NINGRESO`, `HABITACION`, `CAMA`, `FECHAINGRESO`, `CODIGOPACIENTE`, `CODIGOMEDICO`) VALUES (9, 305, 'A', '2000-05-03 00:00:00', 220, 'FVP');
INSERT INTO `TINGRESO` (`NINGRESO`, `HABITACION`, `CAMA`, `FECHAINGRESO`, `CODIGOPACIENTE`, `CODIGOMEDICO`) VALUES (10, 304, 'B', '2000-05-12 00:00:00', 201, 'ESMH');
INSERT INTO `TINGRESO` (`NINGRESO`, `HABITACION`, `CAMA`, `FECHAINGRESO`, `CODIGOPACIENTE`, `CODIGOMEDICO`) VALUES (11, 306, 'A', '2000-05-13 00:00:00', 207, 'OPA');
INSERT INTO `TINGRESO` (`NINGRESO`, `HABITACION`, `CAMA`, `FECHAINGRESO`, `CODIGOPACIENTE`, `CODIGOMEDICO`) VALUES (12, 303, 'B', '2000-06-15 00:00:00', 220, 'CSM');
INSERT INTO `TINGRESO` (`NINGRESO`, `HABITACION`, `CAMA`, `FECHAINGRESO`, `CODIGOPACIENTE`, `CODIGOMEDICO`) VALUES (13, 302, 'A', '2000-06-16 00:00:00', 131, 'AJH');
INSERT INTO `TINGRESO` (`NINGRESO`, `HABITACION`, `CAMA`, `FECHAINGRESO`, `CODIGOPACIENTE`, `CODIGOMEDICO`) VALUES (14, 504, 'B', '2000-06-30 00:00:00', 130, 'SGM');
INSERT INTO `TINGRESO` (`NINGRESO`, `HABITACION`, `CAMA`, `FECHAINGRESO`, `CODIGOPACIENTE`, `CODIGOMEDICO`) VALUES (15, 504, 'B', '2000-07-02 00:00:00', 231, 'ESMH');
INSERT INTO `TINGRESO` (`NINGRESO`, `HABITACION`, `CAMA`, `FECHAINGRESO`, `CODIGOPACIENTE`, `CODIGOMEDICO`) VALUES (16, 405, 'B', '2000-07-05 00:00:00', 200, 'FVP');
INSERT INTO `TINGRESO` (`NINGRESO`, `HABITACION`, `CAMA`, `FECHAINGRESO`, `CODIGOPACIENTE`, `CODIGOMEDICO`) VALUES (17, 401, 'A', '2000-08-08 00:00:00', 140, 'PAP');
INSERT INTO `TINGRESO` (`NINGRESO`, `HABITACION`, `CAMA`, `FECHAINGRESO`, `CODIGOPACIENTE`, `CODIGOMEDICO`) VALUES (18, 408, 'B', '2000-08-10 00:00:00', 142, 'SGM');
INSERT INTO `TINGRESO` (`NINGRESO`, `HABITACION`, `CAMA`, `FECHAINGRESO`, `CODIGOPACIENTE`, `CODIGOMEDICO`) VALUES (19, 504, 'A', '2000-08-12 00:00:00', 120, 'SGM');
INSERT INTO `TINGRESO` (`NINGRESO`, `HABITACION`, `CAMA`, `FECHAINGRESO`, `CODIGOPACIENTE`, `CODIGOMEDICO`) VALUES (20, 509, 'B', '2000-08-20 00:00:00', 240, 'FHL');
# 20 records

#
# Table structure for table 'TMEDICO'
#

DROP TABLE IF EXISTS `TMEDICO`;

CREATE TABLE `TMEDICO` (
  `CODIGOMEDICO` VARCHAR(255) NOT NULL, 
  `NOMBRE` VARCHAR(255), 
  `APELLIDOS` VARCHAR(255), 
  `ESPECIALIDAD` VARCHAR(255), 
  PRIMARY KEY (`CODIGOMEDICO`)
) ENGINE=innodb DEFAULT CHARSET=utf8;

SET autocommit=1;

#
# Dumping data for table 'TMEDICO'
#

INSERT INTO `TMEDICO` (`CODIGOMEDICO`, `NOMBRE`, `APELLIDOS`, `ESPECIALIDAD`) VALUES ('AJH', 'Antonio', 'Jiménez Hernández', 'Pediatría');
INSERT INTO `TMEDICO` (`CODIGOMEDICO`, `NOMBRE`, `APELLIDOS`, `ESPECIALIDAD`) VALUES ('CEM', 'Carmen', 'Esteban Muñoz', 'Psiquiatría');
INSERT INTO `TMEDICO` (`CODIGOMEDICO`, `NOMBRE`, `APELLIDOS`, `ESPECIALIDAD`) VALUES ('CSM', 'Carlos', 'Sánchez Martínez', 'General');
INSERT INTO `TMEDICO` (`CODIGOMEDICO`, `NOMBRE`, `APELLIDOS`, `ESPECIALIDAD`) VALUES ('ESMH', 'Eva', 'San Martín Hernández', 'Pediatría');
INSERT INTO `TMEDICO` (`CODIGOMEDICO`, `NOMBRE`, `APELLIDOS`, `ESPECIALIDAD`) VALUES ('FHL', 'Fernanda', 'Hernández López', 'Radiología');
INSERT INTO `TMEDICO` (`CODIGOMEDICO`, `NOMBRE`, `APELLIDOS`, `ESPECIALIDAD`) VALUES ('FVP', 'Federico', 'Vidal Planella', 'Análisis');
INSERT INTO `TMEDICO` (`CODIGOMEDICO`, `NOMBRE`, `APELLIDOS`, `ESPECIALIDAD`) VALUES ('JMP', 'Juana', 'Moreno Navarro', 'Intensivos');
INSERT INTO `TMEDICO` (`CODIGOMEDICO`, `NOMBRE`, `APELLIDOS`, `ESPECIALIDAD`) VALUES ('OPA', 'Olga', 'Pons Alvarez', 'Intensivos');
INSERT INTO `TMEDICO` (`CODIGOMEDICO`, `NOMBRE`, `APELLIDOS`, `ESPECIALIDAD`) VALUES ('PAP', 'Pedro', 'Armengol Prats', 'Cirugía');
INSERT INTO `TMEDICO` (`CODIGOMEDICO`, `NOMBRE`, `APELLIDOS`, `ESPECIALIDAD`) VALUES ('SGM', 'Sebastián', 'Gutiérrez Mellado', 'Oftalmología');
INSERT INTO `TMEDICO` (`CODIGOMEDICO`, `NOMBRE`, `APELLIDOS`, `ESPECIALIDAD`) VALUES ('SVT', 'Santiago', 'Vázquez Torres', 'Ginecología');
# 11 records

#
# Table structure for table 'TPACIENTE'
#

DROP TABLE IF EXISTS `TPACIENTE`;

CREATE TABLE `TPACIENTE` (
  `CODIGOPACIENTE` INTEGER NOT NULL DEFAULT 0, 
  `NOMBRE` VARCHAR(255), 
  `APELLIDOS` VARCHAR(255), 
  `DIRECCION` VARCHAR(255), 
  `POBLACION` VARCHAR(255), 
  `CODIGOPOSTAL` DOUBLE NULL, 
  `TELEFONO` DOUBLE NULL, 
  `FECHANACIMIENTO` DATETIME, 
  PRIMARY KEY (`CODIGOPACIENTE`)
) ENGINE=innodb DEFAULT CHARSET=utf8;

SET autocommit=1;

#
# Dumping data for table 'TPACIENTE'
#

INSERT INTO `TPACIENTE` (`CODIGOPACIENTE`, `NOMBRE`, `APELLIDOS`, `DIRECCION`, `POBLACION`, `CODIGOPOSTAL`, `TELEFONO`, `FECHANACIMIENTO`) VALUES (100, 'José', 'Romerales Pinto', 'Azorín 34', 'Móstoles', 28935, 912563256, '1975-03-21 00:00:00');
INSERT INTO `TPACIENTE` (`CODIGOPACIENTE`, `NOMBRE`, `APELLIDOS`, `DIRECCION`, `POBLACION`, `CODIGOPOSTAL`, `TELEFONO`, `FECHANACIMIENTO`) VALUES (102, 'Santiago', 'González Sancho', 'Coslada 12', 'Madrid', 28024, 914562587, '1947-10-30 00:00:00');
INSERT INTO `TPACIENTE` (`CODIGOPACIENTE`, `NOMBRE`, `APELLIDOS`, `DIRECCION`, `POBLACION`, `CODIGOPOSTAL`, `TELEFONO`, `FECHANACIMIENTO`) VALUES (103, 'Carmen', 'Rodríguez Santacana', 'Javier Poncela 3', 'Getafe', 28902, 915478555, '1987-11-06 00:00:00');
INSERT INTO `TPACIENTE` (`CODIGOPACIENTE`, `NOMBRE`, `APELLIDOS`, `DIRECCION`, `POBLACION`, `CODIGOPOSTAL`, `TELEFONO`, `FECHANACIMIENTO`) VALUES (110, 'Alberto', 'Puig Monza', 'División Azul 56', 'Getafe', 28902, 914589966, '1936-07-18 00:00:00');
INSERT INTO `TPACIENTE` (`CODIGOPACIENTE`, `NOMBRE`, `APELLIDOS`, `DIRECCION`, `POBLACION`, `CODIGOPOSTAL`, `TELEFONO`, `FECHANACIMIENTO`) VALUES (120, 'Sergio', 'Pérez Sanabria', 'Pizarro 45', 'Alcorcón', 28223, 915584471, '1950-04-12 00:00:00');
INSERT INTO `TPACIENTE` (`CODIGOPACIENTE`, `NOMBRE`, `APELLIDOS`, `DIRECCION`, `POBLACION`, `CODIGOPOSTAL`, `TELEFONO`, `FECHANACIMIENTO`) VALUES (130, 'Jaime', 'Flores López', 'Alcatraz 56', 'Madrid', 28001, 914526654, '1932-01-23 00:00:00');
INSERT INTO `TPACIENTE` (`CODIGOPACIENTE`, `NOMBRE`, `APELLIDOS`, `DIRECCION`, `POBLACION`, `CODIGOPOSTAL`, `TELEFONO`, `FECHANACIMIENTO`) VALUES (131, 'Enrique', 'Moreales Miguel', 'Madrid 45', 'Madrid', 28028, 914552203, '1990-08-12 00:00:00');
INSERT INTO `TPACIENTE` (`CODIGOPACIENTE`, `NOMBRE`, `APELLIDOS`, `DIRECCION`, `POBLACION`, `CODIGOPOSTAL`, `TELEFONO`, `FECHANACIMIENTO`) VALUES (140, 'Ana', 'Torrente Hermosilla', 'Barcelona 35', 'Alcorcón', 28223, 914785236, '1958-03-25 00:00:00');
INSERT INTO `TPACIENTE` (`CODIGOPACIENTE`, `NOMBRE`, `APELLIDOS`, `DIRECCION`, `POBLACION`, `CODIGOPOSTAL`, `TELEFONO`, `FECHANACIMIENTO`) VALUES (142, 'Olga', 'Prats Hernández', 'Versalles 2', 'Móstoles', 28935, 917458963, '1958-03-25 00:00:00');
INSERT INTO `TPACIENTE` (`CODIGOPACIENTE`, `NOMBRE`, `APELLIDOS`, `DIRECCION`, `POBLACION`, `CODIGOPOSTAL`, `TELEFONO`, `FECHANACIMIENTO`) VALUES (200, 'Carlos', 'Jiménez Blanco', 'Gran Vía 123', 'Madrid', 28003, 914589632, '1973-01-12 00:00:00');
INSERT INTO `TPACIENTE` (`CODIGOPACIENTE`, `NOMBRE`, `APELLIDOS`, `DIRECCION`, `POBLACION`, `CODIGOPOSTAL`, `TELEFONO`, `FECHANACIMIENTO`) VALUES (201, 'María', 'Tomás Caballo', 'Enrique Velasco 3', 'Madrid', 28028, 914578559, '1955-05-05 00:00:00');
INSERT INTO `TPACIENTE` (`CODIGOPACIENTE`, `NOMBRE`, `APELLIDOS`, `DIRECCION`, `POBLACION`, `CODIGOPOSTAL`, `TELEFONO`, `FECHANACIMIENTO`) VALUES (207, 'Rogelia', 'Guerra Santa', 'Castellana 12', 'Madrid', 28025, 914562258, '1990-07-12 00:00:00');
INSERT INTO `TPACIENTE` (`CODIGOPACIENTE`, `NOMBRE`, `APELLIDOS`, `DIRECCION`, `POBLACION`, `CODIGOPOSTAL`, `TELEFONO`, `FECHANACIMIENTO`) VALUES (220, 'Iván', 'Granadino Callejas', 'Doctor Más 46', 'Madrid', 28015, 914522369, '1975-07-19 00:00:00');
INSERT INTO `TPACIENTE` (`CODIGOPACIENTE`, `NOMBRE`, `APELLIDOS`, `DIRECCION`, `POBLACION`, `CODIGOPOSTAL`, `TELEFONO`, `FECHANACIMIENTO`) VALUES (231, 'Luis', 'Navarrete Prat', 'Trujillo 33', 'Alcorcón', 28223, 914512589, '1940-06-13 00:00:00');
INSERT INTO `TPACIENTE` (`CODIGOPACIENTE`, `NOMBRE`, `APELLIDOS`, `DIRECCION`, `POBLACION`, `CODIGOPOSTAL`, `TELEFONO`, `FECHANACIMIENTO`) VALUES (240, 'Mónica', 'Armengol Prats', 'Doce de octubre 1', 'Madrid', 28028, 914588963, '1985-07-02 00:00:00');
INSERT INTO `TPACIENTE` (`CODIGOPACIENTE`, `NOMBRE`, `APELLIDOS`, `DIRECCION`, `POBLACION`, `CODIGOPOSTAL`, `TELEFONO`, `FECHANACIMIENTO`) VALUES (300, 'Joaquín', 'Rodríguez Monzón', 'Barcelona 111', 'Alcorcón', 28223, 914578521, '1977-05-05 00:00:00');
INSERT INTO `TPACIENTE` (`CODIGOPACIENTE`, `NOMBRE`, `APELLIDOS`, `DIRECCION`, `POBLACION`, `CODIGOPOSTAL`, `TELEFONO`, `FECHANACIMIENTO`) VALUES (302, 'Loreto', 'Martínez Lozano', 'Cipreses 56', 'Alcorcón', 28223, 914589632, '1951-01-24 00:00:00');
INSERT INTO `TPACIENTE` (`CODIGOPACIENTE`, `NOMBRE`, `APELLIDOS`, `DIRECCION`, `POBLACION`, `CODIGOPOSTAL`, `TELEFONO`, `FECHANACIMIENTO`) VALUES (400, 'Luis', 'Martínez García', 'Olmos 54', 'Móstoles', 28935, 911235641, '1980-01-24 00:00:00');
INSERT INTO `TPACIENTE` (`CODIGOPACIENTE`, `NOMBRE`, `APELLIDOS`, `DIRECCION`, `POBLACION`, `CODIGOPOSTAL`, `TELEFONO`, `FECHANACIMIENTO`) VALUES (401, 'Luisa', 'García Montoro', 'Olmos 24', 'Móstoles', 28935, 911235652, '1975-01-10 00:00:00');
# 19 records

